Ted,@notBloss,2021-10-03T07:14:58.000Z,"Ted
@notBloss
Â·
2sReplying to 
@elsie_em
Ditching your Premier league side in protest at their criminal or otherwise appalling ownership is also acceptable",,,
LJShipley,@_internalexile,2021-10-03T07:14:58.000Z,"LJShipley
@_internalexile
Â·
2sReplying to 
@Independent_ie
The photograph used was carefully chosen to prevent your readership observing that this protest was attended by just a small group of abortion ideologues.",,,
SurfOverSand #JohnsonOut #FBPEGlobal,@GersoiseMaggie,2021-10-03T07:14:44.000Z,"SurfOverSand #JohnsonOut #FBPEGlobal
@GersoiseMaggie
Â·
16sDigital Protest #JohnsonOut is trending today
#JohnsonOut
#JohnsonOut
#JohnsonOut",,,
African Editors,@african_editors,2021-10-03T07:14:43.000Z,"African Editors
@african_editors
Â·
17sA/R: Akufo-Addo met with protest by Atwima Boko residents over bad roads -
A/R: Akufo-Addo met with protest by Atwima Boko residents over bad roads
A/R: Akufo-Addo met with protest by Atwima Boko residents over bad roads Residents of Atwima Boko on Saturday demonstrated against the contractor working on the Atwima Boko and Nweneso stretch within...
africaneditors.com",,,
Kay April Nyein,@kayaprilnyein1,2021-10-03T07:14:09.000Z,"Kay April Nyein
@kayaprilnyein1
Â·
53sEven though SAC Troops forcibly arrested the monks yesterday, People and monks continued their anti-coup protest today to show their solidarity with the detained monks and people.

#Oct3Coup
#WhatsHappeningInMyanmar
1",,,1
Myat Min Khant,@JustinMK18,2021-10-03T07:14:07.000Z,"Myat Min Khant
@JustinMK18
Â·
55sDaily protest by locals of Shwe Bo Tsp showed support to 
@NUGMyanmar
 & strong opposition of Genocidal Dictatorship. #Oct3Coup #WhatsHappeningInMyanmar",,,
Aung Kyaw San,@AgKyawSan2021,2021-10-03T07:14:02.000Z,"Aung Kyaw San
@AgKyawSan2021
Â·
1mDaily protest by locals of Shwe Bo Tsp showed support to 
@NUGMyanmar
 & strong opposition of Genocidal Dictatorship. #Oct3Coup #WhatsHappeningInMyanmar
The following media includes potentially sensitive content. Change settings
View",,,
Alyssa Hnin,@HninZar3,2021-10-03T07:14:00.000Z,"Alyssa Hnin
@HninZar3
Â·
1mPro-democracy Residents from Northern part of Salingyi and Eastern Part of Yinmarpin staged a joint protest demanding for the immediate fall of military dictatorship. 

#Oct3Coup
#WhatsHappeningInMyanmar
The following media includes potentially sensitive content. Change settings
View",,,
FakeNewsGen,@FakeNewsGen1,2021-10-03T07:13:52.000Z,"FakeNewsGen
@FakeNewsGen1
Â·
1mLatest news from our live coverage of Olympics uncovers protests. More updates to follow.",,,
iain watson,@iainjwatson,2021-10-03T07:13:21.000Z,"iain watson
@iainjwatson
Â·
1mMotorway protests:â¦
@pritipatel
â© to promise new powers over blockages as â¦
@Conservatives
â© conference begins
Motorway protests: Patel to promise new powers over blockages
The home secretary will promise tougher sentences, after a series of recent climate demonstrations.
bbc.co.uk",,,
Dan Phillips,@DanPhi11ips,2021-10-03T07:13:21.000Z,"Dan Phillips
@DanPhi11ips
Â·
1mReplying to 
@BBCNews
I love how that's the out come. We aren't going to consider the very reasonable thing they are protesting about, just get the police to crack down on protests instead.",,,
Thihanyi,@Thihanyi2,2021-10-03T07:13:18.000Z,"Thihanyi
@Thihanyi2
Â·
1mDaily protest by locals of Shwe Bo Tsp showed support to 
@NUGMyanmar
 & strong opposition of Genocidal Dictatorship. #Oct3Coup #WhatsHappeningInMyanmar",,,
ğ™»ğŸ·ğŸ¼ğ™·ğšƒğ™½ğŸ·ğ™½ğŸ¼,@LIGHTNI68492726,2021-10-03T07:13:13.000Z,"ğ™»ğŸ·ğŸ¼ğ™·ğšƒğ™½ğŸ·ğ™½ğŸ¼
@LIGHTNI68492726
Â·
1mIn Mandalay, after the violent abduct of monks protesting by the Fascist Military Terrorists, the courageous people surrounded the monks and continue to overthrow the Dictatorship by showing that they won't stop the protest by any means

#Oct3Coup
#WhatsHappeningInMyanmar
1
1",,1,1
Daniel Paton,@DanPatonMusic,2021-10-03T07:12:55.000Z,"Daniel Paton
@DanPatonMusic
Â·
2mReplying to 
@PercyHMCM
Maybe butâ€¦1) Insulate Britain might block the Motorway I need (donâ€™t necessarily object to the cause but the form of protest is silly) and 2) The last time I checked none of the service stations on the M1 and M40 between London and the Midlands had any fuel!
1",1,,
I Am Not Sorry,@vaporware,2021-10-03T07:12:33.000Z,"I Am Not Sorry
@vaporware
Â·
2mBrazil Bolsonaro: Thousands protest calling for president's removal
Brazil Bolsonaro: Thousands protest calling for president's removal
Demonstrations against Jair Bolsonaro take place in more than 160 towns and cities.
bbc.co.uk",,,
